article_path,article_title,bvid,video_title,creator,url,cover,duration,role,search_keyword,status,notes
02_atoms/models/奥林巴斯 OM-1.md,奥林巴斯 OM-1,BV1QydMBSEPa,16个品牌83台相机！手动胶片单反相机终极推荐,大耳蟹,https://www.bilibili.com/video/BV1QydMBSEPa/,,,原始字幕来源,16个品牌83台相机！手动胶片单反相机终极推荐,有效,该机型内容由旧知识库引用的字幕文章《16个品牌83台相机！手动胶片单反相机终极推荐》整理而来。
02_atoms/models/奥林巴斯 OM-10.md,奥林巴斯 OM-10,BV1QydMBSEPa,16个品牌83台相机！手动胶片单反相机终极推荐,大耳蟹,https://www.bilibili.com/video/BV1QydMBSEPa/,,,原始字幕来源,16个品牌83台相机！手动胶片单反相机终极推荐,有效,该机型内容由旧知识库引用的字幕文章《16个品牌83台相机！手动胶片单反相机终极推荐》整理而来。
02_atoms/models/奥林巴斯 OM-2.md,奥林巴斯 OM-2,BV1QydMBSEPa,16个品牌83台相机！手动胶片单反相机终极推荐,大耳蟹,https://www.bilibili.com/video/BV1QydMBSEPa/,,,原始字幕来源,16个品牌83台相机！手动胶片单反相机终极推荐,有效,该机型内容由旧知识库引用的字幕文章《16个品牌83台相机！手动胶片单反相机终极推荐》整理而来。
02_atoms/models/奥林巴斯 OM-4.md,奥林巴斯 OM-4,BV1QydMBSEPa,16个品牌83台相机！手动胶片单反相机终极推荐,大耳蟹,https://www.bilibili.com/video/BV1QydMBSEPa/,,,原始字幕来源,16个品牌83台相机！手动胶片单反相机终极推荐,有效,该机型内容由旧知识库引用的字幕文章《16个品牌83台相机！手动胶片单反相机终极推荐》整理而来。
02_atoms/models/奥林巴斯 Pen F.md,奥林巴斯 Pen F 系列,BV1QydMBSEPa,16个品牌83台相机！手动胶片单反相机终极推荐,大耳蟹,https://www.bilibili.com/video/BV1QydMBSEPa/,,,原始字幕来源,16个品牌83台相机！手动胶片单反相机终极推荐,有效,该机型内容由旧知识库引用的字幕文章《16个品牌83台相机！手动胶片单反相机终极推荐》整理而来。
02_atoms/models/奥林巴斯 XA.md,奥林巴斯 XA,BV1Uj411Z7E9,【口袋胶片机成像排行榜】我花了80000元,德松Desong,https://www.bilibili.com/video/BV1Uj411Z7E9/,,,原始字幕来源,【口袋胶片机成像排行榜】我花了80000元,有效,该机型内容由旧知识库引用的字幕文章《【口袋胶片机成像排行榜】我花了80000元》整理而来。
02_atoms/models/宾得 6×7.md,宾得 6×7,,,,,,,,宾得 6x7 中画幅 使用,待核验,区分 6×7 MLU Pentax 67 与 67II
02_atoms/models/宾得 Espio Mini.md,宾得 Espio Mini,BV1rSiMBmEQF,2025年度爱用相机_从数码到胶片,德松Desong,https://www.bilibili.com/video/BV1rSiMBmEQF/,,,原始字幕来源,2025年度爱用相机_从数码到胶片,有效,该机型内容由旧知识库引用的字幕文章《2025年度爱用相机_从数码到胶片》整理而来。
02_atoms/models/宾得 K1000.md,宾得 K1000,BV1LF4m1M7ca,【中字】胶片摄影 _ 2024年新手如何选购胶片相机,ContactSheets,https://www.bilibili.com/video/BV1LF4m1M7ca/,,,原始字幕来源,【中字】胶片摄影 _ 2024年新手如何选购胶片相机,有效,该机型内容由旧知识库引用的字幕文章《【中字】胶片摄影 _ 2024年新手如何选购胶片相机》整理而来。
02_atoms/models/宾得 K1000.md,宾得 K1000,BV1QydMBSEPa,16个品牌83台相机！手动胶片单反相机终极推荐,大耳蟹,https://www.bilibili.com/video/BV1QydMBSEPa/,,,原始字幕来源,16个品牌83台相机！手动胶片单反相机终极推荐,有效,该机型内容由旧知识库引用的字幕文章《16个品牌83台相机！手动胶片单反相机终极推荐》整理而来。
02_atoms/models/宾得 K2.md,宾得 K2,BV1QydMBSEPa,16个品牌83台相机！手动胶片单反相机终极推荐,大耳蟹,https://www.bilibili.com/video/BV1QydMBSEPa/,,,原始字幕来源,16个品牌83台相机！手动胶片单反相机终极推荐,有效,该机型内容由旧知识库引用的字幕文章《16个品牌83台相机！手动胶片单反相机终极推荐》整理而来。
02_atoms/models/宾得 KM.md,宾得 KM / KX,BV1QydMBSEPa,16个品牌83台相机！手动胶片单反相机终极推荐,大耳蟹,https://www.bilibili.com/video/BV1QydMBSEPa/,,,原始字幕来源,16个品牌83台相机！手动胶片单反相机终极推荐,有效,该机型内容由旧知识库引用的字幕文章《16个品牌83台相机！手动胶片单反相机终极推荐》整理而来。
02_atoms/models/宾得 LX.md,宾得 LX,BV1QydMBSEPa,16个品牌83台相机！手动胶片单反相机终极推荐,大耳蟹,https://www.bilibili.com/video/BV1QydMBSEPa/,,,原始字幕来源,16个品牌83台相机！手动胶片单反相机终极推荐,有效,该机型内容由旧知识库引用的字幕文章《16个品牌83台相机！手动胶片单反相机终极推荐》整理而来。
02_atoms/models/宾得 ME Super.md,宾得 ME Super,BV1QydMBSEPa,16个品牌83台相机！手动胶片单反相机终极推荐,大耳蟹,https://www.bilibili.com/video/BV1QydMBSEPa/,,,原始字幕来源,16个品牌83台相机！手动胶片单反相机终极推荐,有效,该机型内容由旧知识库引用的字幕文章《16个品牌83台相机！手动胶片单反相机终极推荐》整理而来。
02_atoms/models/宾得 ME.md,宾得 ME,BV1QydMBSEPa,16个品牌83台相机！手动胶片单反相机终极推荐,大耳蟹,https://www.bilibili.com/video/BV1QydMBSEPa/,,,原始字幕来源,16个品牌83台相机！手动胶片单反相机终极推荐,有效,该机型内容由旧知识库引用的字幕文章《16个品牌83台相机！手动胶片单反相机终极推荐》整理而来。
02_atoms/models/宾得 MX.md,宾得 MX,BV1QydMBSEPa,16个品牌83台相机！手动胶片单反相机终极推荐,大耳蟹,https://www.bilibili.com/video/BV1QydMBSEPa/,,,原始字幕来源,16个品牌83台相机！手动胶片单反相机终极推荐,有效,该机型内容由旧知识库引用的字幕文章《16个品牌83台相机！手动胶片单反相机终极推荐》整理而来。
02_atoms/models/宾得 Spotmatic.md,宾得 Spotmatic（SP）,BV1QydMBSEPa,16个品牌83台相机！手动胶片单反相机终极推荐,大耳蟹,https://www.bilibili.com/video/BV1QydMBSEPa/,,,原始字幕来源,16个品牌83台相机！手动胶片单反相机终极推荐,有效,该机型内容由旧知识库引用的字幕文章《16个品牌83台相机！手动胶片单反相机终极推荐》整理而来。
02_atoms/models/勃朗尼卡 ETR 系列.md,勃朗尼卡 ETR 系列,BV1QydMBSEPa,16个品牌83台相机！手动胶片单反相机终极推荐,大耳蟹,https://www.bilibili.com/video/BV1QydMBSEPa/,,,原始字幕来源,16个品牌83台相机！手动胶片单反相机终极推荐,有效,该机型内容由旧知识库引用的字幕文章《16个品牌83台相机！手动胶片单反相机终极推荐》整理而来。
02_atoms/models/富士 AX-5.md,富士 AX-5,BV1QydMBSEPa,16个品牌83台相机！手动胶片单反相机终极推荐,大耳蟹,https://www.bilibili.com/video/BV1QydMBSEPa/,,,原始字幕来源,16个品牌83台相机！手动胶片单反相机终极推荐,有效,该机型内容由旧知识库引用的字幕文章《16个品牌83台相机！手动胶片单反相机终极推荐》整理而来。
02_atoms/models/富士 Klasse W.md,富士 Klasse W,BV1Uj411Z7E9,【口袋胶片机成像排行榜】我花了80000元,德松Desong,https://www.bilibili.com/video/BV1Uj411Z7E9/,,,原始字幕来源,【口袋胶片机成像排行榜】我花了80000元,有效,该机型内容由旧知识库引用的字幕文章《【口袋胶片机成像排行榜】我花了80000元》整理而来。
02_atoms/models/富士 ST-701.md,富士 ST-701,BV1QydMBSEPa,16个品牌83台相机！手动胶片单反相机终极推荐,大耳蟹,https://www.bilibili.com/video/BV1QydMBSEPa/,,,原始字幕来源,16个品牌83台相机！手动胶片单反相机终极推荐,有效,该机型内容由旧知识库引用的字幕文章《16个品牌83台相机！手动胶片单反相机终极推荐》整理而来。
02_atoms/models/富士 ST-801.md,富士 ST-801 / ST-901,BV1QydMBSEPa,16个品牌83台相机！手动胶片单反相机终极推荐,大耳蟹,https://www.bilibili.com/video/BV1QydMBSEPa/,,,原始字幕来源,16个品牌83台相机！手动胶片单反相机终极推荐,有效,该机型内容由旧知识库引用的字幕文章《16个品牌83台相机！手动胶片单反相机终极推荐》整理而来。
02_atoms/models/哈苏 500.md,哈苏 500 系列,BV1QydMBSEPa,16个品牌83台相机！手动胶片单反相机终极推荐,大耳蟹,https://www.bilibili.com/video/BV1QydMBSEPa/,,,原始字幕来源,16个品牌83台相机！手动胶片单反相机终极推荐,有效,该机型内容由旧知识库引用的字幕文章《16个品牌83台相机！手动胶片单反相机终极推荐》整理而来。
02_atoms/models/哈苏 500.md,哈苏 500 系列,BV1rSiMBmEQF,2025年度爱用相机_从数码到胶片,德松Desong,https://www.bilibili.com/video/BV1rSiMBmEQF/,,,原始字幕来源,2025年度爱用相机_从数码到胶片,有效,该机型内容由旧知识库引用的字幕文章《2025年度爱用相机_从数码到胶片》整理而来。
02_atoms/models/哈苏 500.md,哈苏 500 系列,BV1kz411B7pM,Q&A胶片相机_百元入门到万元哈苏,晁然然然然,https://www.bilibili.com/video/BV1kz411B7pM/,,,原始字幕来源,Q&A胶片相机_百元入门到万元哈苏,有效,该机型内容由旧知识库引用的字幕文章《Q&A胶片相机_百元入门到万元哈苏》整理而来。
02_atoms/models/海鸥 4A.md,海鸥 4A,,,,,,,,海鸥 4A 双反 使用,待核验,确认 4A 具体版本
02_atoms/models/佳能 A-1.md,佳能 A-1,BV1QydMBSEPa,16个品牌83台相机！手动胶片单反相机终极推荐,大耳蟹,https://www.bilibili.com/video/BV1QydMBSEPa/,,,原始字幕来源,16个品牌83台相机！手动胶片单反相机终极推荐,有效,该机型内容由旧知识库引用的字幕文章《16个品牌83台相机！手动胶片单反相机终极推荐》整理而来。
02_atoms/models/佳能 AE-1 Program.md,佳能 AE-1 Program,BV1QydMBSEPa,16个品牌83台相机！手动胶片单反相机终极推荐,大耳蟹,https://www.bilibili.com/video/BV1QydMBSEPa/,,,原始字幕来源,16个品牌83台相机！手动胶片单反相机终极推荐,有效,该机型内容由旧知识库引用的字幕文章《16个品牌83台相机！手动胶片单反相机终极推荐》整理而来。
02_atoms/models/佳能 AE-1.md,佳能 AE-1,BV1LF4m1M7ca,【中字】胶片摄影 _ 2024年新手如何选购胶片相机,ContactSheets,https://www.bilibili.com/video/BV1LF4m1M7ca/,,,原始字幕来源,【中字】胶片摄影 _ 2024年新手如何选购胶片相机,有效,该机型内容由旧知识库引用的字幕文章《【中字】胶片摄影 _ 2024年新手如何选购胶片相机》整理而来。
02_atoms/models/佳能 AE-1.md,佳能 AE-1,BV1QydMBSEPa,16个品牌83台相机！手动胶片单反相机终极推荐,大耳蟹,https://www.bilibili.com/video/BV1QydMBSEPa/,,,原始字幕来源,16个品牌83台相机！手动胶片单反相机终极推荐,有效,该机型内容由旧知识库引用的字幕文章《16个品牌83台相机！手动胶片单反相机终极推荐》整理而来。
02_atoms/models/佳能 F-1.md,佳能 F-1,BV1QydMBSEPa,16个品牌83台相机！手动胶片单反相机终极推荐,大耳蟹,https://www.bilibili.com/video/BV1QydMBSEPa/,,,原始字幕来源,16个品牌83台相机！手动胶片单反相机终极推荐,有效,该机型内容由旧知识库引用的字幕文章《16个品牌83台相机！手动胶片单反相机终极推荐》整理而来。
02_atoms/models/佳能 FTb-N.md,佳能 FTb-N,BV1QydMBSEPa,16个品牌83台相机！手动胶片单反相机终极推荐,大耳蟹,https://www.bilibili.com/video/BV1QydMBSEPa/,,,原始字幕来源,16个品牌83台相机！手动胶片单反相机终极推荐,有效,该机型内容由旧知识库引用的字幕文章《16个品牌83台相机！手动胶片单反相机终极推荐》整理而来。
02_atoms/models/康泰时 Aria.md,康泰时 Aria,BV1QydMBSEPa,16个品牌83台相机！手动胶片单反相机终极推荐,大耳蟹,https://www.bilibili.com/video/BV1QydMBSEPa/,,,原始字幕来源,16个品牌83台相机！手动胶片单反相机终极推荐,有效,该机型内容由旧知识库引用的字幕文章《16个品牌83台相机！手动胶片单反相机终极推荐》整理而来。
02_atoms/models/康泰时 G1.md,康泰时 G1,BV1kz411B7pM,Q&A胶片相机_百元入门到万元哈苏,晁然然然然,https://www.bilibili.com/video/BV1kz411B7pM/,,,原始字幕来源,Q&A胶片相机_百元入门到万元哈苏,有效,该机型内容由旧知识库引用的字幕文章《Q&A胶片相机_百元入门到万元哈苏》整理而来。
02_atoms/models/康泰时 G2.md,康泰时 G2,BV1rSiMBmEQF,2025年度爱用相机_从数码到胶片,德松Desong,https://www.bilibili.com/video/BV1rSiMBmEQF/,,,原始字幕来源,2025年度爱用相机_从数码到胶片,有效,该机型内容由旧知识库引用的字幕文章《2025年度爱用相机_从数码到胶片》整理而来。
02_atoms/models/康泰时 G2.md,康泰时 G2,BV1kz411B7pM,Q&A胶片相机_百元入门到万元哈苏,晁然然然然,https://www.bilibili.com/video/BV1kz411B7pM/,,,原始字幕来源,Q&A胶片相机_百元入门到万元哈苏,有效,该机型内容由旧知识库引用的字幕文章《Q&A胶片相机_百元入门到万元哈苏》整理而来。
02_atoms/models/康泰时 RTS 系列.md,康泰时 RTS 系列,BV1QydMBSEPa,16个品牌83台相机！手动胶片单反相机终极推荐,大耳蟹,https://www.bilibili.com/video/BV1QydMBSEPa/,,,原始字幕来源,16个品牌83台相机！手动胶片单反相机终极推荐,有效,该机型内容由旧知识库引用的字幕文章《16个品牌83台相机！手动胶片单反相机终极推荐》整理而来。
02_atoms/models/康泰时 T2.md,康泰时 T2,BV1Uj411Z7E9,【口袋胶片机成像排行榜】我花了80000元,德松Desong,https://www.bilibili.com/video/BV1Uj411Z7E9/,,,原始字幕来源,【口袋胶片机成像排行榜】我花了80000元,有效,该机型内容由旧知识库引用的字幕文章《【口袋胶片机成像排行榜】我花了80000元》整理而来。
02_atoms/models/康泰时 T3.md,康泰时 T3,BV1Uj411Z7E9,【口袋胶片机成像排行榜】我花了80000元,德松Desong,https://www.bilibili.com/video/BV1Uj411Z7E9/,,,原始字幕来源,【口袋胶片机成像排行榜】我花了80000元,有效,该机型内容由旧知识库引用的字幕文章《【口袋胶片机成像排行榜】我花了80000元》整理而来。
02_atoms/models/柯尼卡 Hexar AF.md,柯尼卡 Hexar AF,BV1Uj411Z7E9,【口袋胶片机成像排行榜】我花了80000元,德松Desong,https://www.bilibili.com/video/BV1Uj411Z7E9/,,,原始字幕来源,【口袋胶片机成像排行榜】我花了80000元,有效,该机型内容由旧知识库引用的字幕文章《【口袋胶片机成像排行榜】我花了80000元》整理而来。
02_atoms/models/柯尼卡 T3N.md,柯尼卡 T3N,BV1QydMBSEPa,16个品牌83台相机！手动胶片单反相机终极推荐,大耳蟹,https://www.bilibili.com/video/BV1QydMBSEPa/,,,原始字幕来源,16个品牌83台相机！手动胶片单反相机终极推荐,有效,该机型内容由旧知识库引用的字幕文章《16个品牌83台相机！手动胶片单反相机终极推荐》整理而来。
02_atoms/models/柯尼卡 T4.md,柯尼卡 T4,BV1QydMBSEPa,16个品牌83台相机！手动胶片单反相机终极推荐,大耳蟹,https://www.bilibili.com/video/BV1QydMBSEPa/,,,原始字幕来源,16个品牌83台相机！手动胶片单反相机终极推荐,有效,该机型内容由旧知识库引用的字幕文章《16个品牌83台相机！手动胶片单反相机终极推荐》整理而来。
02_atoms/models/徕卡 CM.md,徕卡 CM,BV1Uj411Z7E9,【口袋胶片机成像排行榜】我花了80000元,德松Desong,https://www.bilibili.com/video/BV1Uj411Z7E9/,,,原始字幕来源,【口袋胶片机成像排行榜】我花了80000元,有效,该机型内容由旧知识库引用的字幕文章《【口袋胶片机成像排行榜】我花了80000元》整理而来。
02_atoms/models/徕卡 R6.md,徕卡 R6 / R6.2,BV1QydMBSEPa,16个品牌83台相机！手动胶片单反相机终极推荐,大耳蟹,https://www.bilibili.com/video/BV1QydMBSEPa/,,,原始字幕来源,16个品牌83台相机！手动胶片单反相机终极推荐,有效,该机型内容由旧知识库引用的字幕文章《16个品牌83台相机！手动胶片单反相机终极推荐》整理而来。
02_atoms/models/理光 GR1s.md,理光 GR1s,BV1Uj411Z7E9,【口袋胶片机成像排行榜】我花了80000元,德松Desong,https://www.bilibili.com/video/BV1Uj411Z7E9/,,,原始字幕来源,【口袋胶片机成像排行榜】我花了80000元,有效,该机型内容由旧知识库引用的字幕文章《【口袋胶片机成像排行榜】我花了80000元》整理而来。
02_atoms/models/理光 GR21.md,理光 GR21,BV1Uj411Z7E9,【口袋胶片机成像排行榜】我花了80000元,德松Desong,https://www.bilibili.com/video/BV1Uj411Z7E9/,,,原始字幕来源,【口袋胶片机成像排行榜】我花了80000元,有效,该机型内容由旧知识库引用的字幕文章《【口袋胶片机成像排行榜】我花了80000元》整理而来。
02_atoms/models/理光 KR-5.md,理光 KR-5,BV1QydMBSEPa,16个品牌83台相机！手动胶片单反相机终极推荐,大耳蟹,https://www.bilibili.com/video/BV1QydMBSEPa/,,,原始字幕来源,16个品牌83台相机！手动胶片单反相机终极推荐,有效,该机型内容由旧知识库引用的字幕文章《16个品牌83台相机！手动胶片单反相机终极推荐》整理而来。
02_atoms/models/理光 XR-2.md,理光 XR-2,BV1QydMBSEPa,16个品牌83台相机！手动胶片单反相机终极推荐,大耳蟹,https://www.bilibili.com/video/BV1QydMBSEPa/,,,原始字幕来源,16个品牌83台相机！手动胶片单反相机终极推荐,有效,该机型内容由旧知识库引用的字幕文章《16个品牌83台相机！手动胶片单反相机终极推荐》整理而来。
02_atoms/models/禄来 35.md,禄来 35,,,,,,,,Rollei 35 禄来 35 估焦,待核验,确认具体版本与镜头
02_atoms/models/禄来 SL35.md,禄来 SL35 / SL35E,BV1QydMBSEPa,16个品牌83台相机！手动胶片单反相机终极推荐,大耳蟹,https://www.bilibili.com/video/BV1QydMBSEPa/,,,原始字幕来源,16个品牌83台相机！手动胶片单反相机终极推荐,有效,该机型内容由旧知识库引用的字幕文章《16个品牌83台相机！手动胶片单反相机终极推荐》整理而来。
02_atoms/models/玛米亚 RB67.md,玛米亚 RB67,BV1QydMBSEPa,16个品牌83台相机！手动胶片单反相机终极推荐,大耳蟹,https://www.bilibili.com/video/BV1QydMBSEPa/,,,原始字幕来源,16个品牌83台相机！手动胶片单反相机终极推荐,有效,该机型内容由旧知识库引用的字幕文章《16个品牌83台相机！手动胶片单反相机终极推荐》整理而来。
02_atoms/models/美能达 SRT-101.md,美能达 SRT-101,BV1QydMBSEPa,16个品牌83台相机！手动胶片单反相机终极推荐,大耳蟹,https://www.bilibili.com/video/BV1QydMBSEPa/,,,原始字幕来源,16个品牌83台相机！手动胶片单反相机终极推荐,有效,该机型内容由旧知识库引用的字幕文章《16个品牌83台相机！手动胶片单反相机终极推荐》整理而来。
02_atoms/models/美能达 TC-1.md,美能达 TC-1,BV1Uj411Z7E9,【口袋胶片机成像排行榜】我花了80000元,德松Desong,https://www.bilibili.com/video/BV1Uj411Z7E9/,,,原始字幕来源,【口袋胶片机成像排行榜】我花了80000元,有效,该机型内容由旧知识库引用的字幕文章《【口袋胶片机成像排行榜】我花了80000元》整理而来。
02_atoms/models/美能达 X-1.md,美能达 X-1（XK/XM）,BV1QydMBSEPa,16个品牌83台相机！手动胶片单反相机终极推荐,大耳蟹,https://www.bilibili.com/video/BV1QydMBSEPa/,,,原始字幕来源,16个品牌83台相机！手动胶片单反相机终极推荐,有效,该机型内容由旧知识库引用的字幕文章《16个品牌83台相机！手动胶片单反相机终极推荐》整理而来。
02_atoms/models/美能达 X-700.md,美能达 X-700,BV1QydMBSEPa,16个品牌83台相机！手动胶片单反相机终极推荐,大耳蟹,https://www.bilibili.com/video/BV1QydMBSEPa/,,,原始字幕来源,16个品牌83台相机！手动胶片单反相机终极推荐,有效,该机型内容由旧知识库引用的字幕文章《16个品牌83台相机！手动胶片单反相机终极推荐》整理而来。
02_atoms/models/尼康 28Ti.md,尼康 28Ti,BV1Uj411Z7E9,【口袋胶片机成像排行榜】我花了80000元,德松Desong,https://www.bilibili.com/video/BV1Uj411Z7E9/,,,原始字幕来源,【口袋胶片机成像排行榜】我花了80000元,有效,该机型内容由旧知识库引用的字幕文章《【口袋胶片机成像排行榜】我花了80000元》整理而来。
02_atoms/models/尼康 F-601.md,尼康 F-601,BV1qqwLzcE81,胶片时代的尼康宝藏！平价相机推荐,Anti-lover,https://www.bilibili.com/video/BV1qqwLzcE81/,,,原始字幕来源,胶片时代的尼康宝藏！平价相机推荐,有效,该机型内容由旧知识库引用的字幕文章《胶片时代的尼康宝藏！平价相机推荐》整理而来。
02_atoms/models/尼康 F2.md,尼康 F2,BV1QydMBSEPa,16个品牌83台相机！手动胶片单反相机终极推荐,大耳蟹,https://www.bilibili.com/video/BV1QydMBSEPa/,,,原始字幕来源,16个品牌83台相机！手动胶片单反相机终极推荐,有效,该机型内容由旧知识库引用的字幕文章《16个品牌83台相机！手动胶片单反相机终极推荐》整理而来。
02_atoms/models/尼康 F3.md,尼康 F3,BV1QydMBSEPa,16个品牌83台相机！手动胶片单反相机终极推荐,大耳蟹,https://www.bilibili.com/video/BV1QydMBSEPa/,,,原始字幕来源,16个品牌83台相机！手动胶片单反相机终极推荐,有效,该机型内容由旧知识库引用的字幕文章《16个品牌83台相机！手动胶片单反相机终极推荐》整理而来。
02_atoms/models/尼康 F3.md,尼康 F3,BV1rSiMBmEQF,2025年度爱用相机_从数码到胶片,德松Desong,https://www.bilibili.com/video/BV1rSiMBmEQF/,,,原始字幕来源,2025年度爱用相机_从数码到胶片,有效,该机型内容由旧知识库引用的字幕文章《2025年度爱用相机_从数码到胶片》整理而来。
02_atoms/models/尼康 FE.md,尼康 FE,BV1qqwLzcE81,胶片时代的尼康宝藏！平价相机推荐,Anti-lover,https://www.bilibili.com/video/BV1qqwLzcE81/,,,原始字幕来源,胶片时代的尼康宝藏！平价相机推荐,有效,该机型内容由旧知识库引用的字幕文章《胶片时代的尼康宝藏！平价相机推荐》整理而来。
02_atoms/models/尼康 FG.md,尼康 FG,BV1QydMBSEPa,16个品牌83台相机！手动胶片单反相机终极推荐,大耳蟹,https://www.bilibili.com/video/BV1QydMBSEPa/,,,原始字幕来源,16个品牌83台相机！手动胶片单反相机终极推荐,有效,该机型内容由旧知识库引用的字幕文章《16个品牌83台相机！手动胶片单反相机终极推荐》整理而来。
02_atoms/models/尼康 FG.md,尼康 FG,BV1qqwLzcE81,胶片时代的尼康宝藏！平价相机推荐,Anti-lover,https://www.bilibili.com/video/BV1qqwLzcE81/,,,原始字幕来源,胶片时代的尼康宝藏！平价相机推荐,有效,该机型内容由旧知识库引用的字幕文章《胶片时代的尼康宝藏！平价相机推荐》整理而来。
02_atoms/models/尼康 FM2.md,尼康 FM2,BV1LF4m1M7ca,【中字】胶片摄影 _ 2024年新手如何选购胶片相机,ContactSheets,https://www.bilibili.com/video/BV1LF4m1M7ca/,,,原始字幕来源,【中字】胶片摄影 _ 2024年新手如何选购胶片相机,有效,该机型内容由旧知识库引用的字幕文章《【中字】胶片摄影 _ 2024年新手如何选购胶片相机》整理而来。
02_atoms/models/尼康 FM2.md,尼康 FM2,BV1QydMBSEPa,16个品牌83台相机！手动胶片单反相机终极推荐,大耳蟹,https://www.bilibili.com/video/BV1QydMBSEPa/,,,原始字幕来源,16个品牌83台相机！手动胶片单反相机终极推荐,有效,该机型内容由旧知识库引用的字幕文章《16个品牌83台相机！手动胶片单反相机终极推荐》整理而来。
02_atoms/models/尼康 FM2.md,尼康 FM2,BV1qqwLzcE81,胶片时代的尼康宝藏！平价相机推荐,Anti-lover,https://www.bilibili.com/video/BV1qqwLzcE81/,,,原始字幕来源,胶片时代的尼康宝藏！平价相机推荐,有效,该机型内容由旧知识库引用的字幕文章《胶片时代的尼康宝藏！平价相机推荐》整理而来。
02_atoms/models/雅西卡 35GX.md,雅西卡 35 GX,BV1QydMBSEPa,16个品牌83台相机！手动胶片单反相机终极推荐,大耳蟹,https://www.bilibili.com/video/BV1QydMBSEPa/,,,原始字幕来源,16个品牌83台相机！手动胶片单反相机终极推荐,有效,该机型内容由旧知识库引用的字幕文章《16个品牌83台相机！手动胶片单反相机终极推荐》整理而来。
02_atoms/models/雅西卡 FR 系列.md,雅西卡 FR 系列,BV1QydMBSEPa,16个品牌83台相机！手动胶片单反相机终极推荐,大耳蟹,https://www.bilibili.com/video/BV1QydMBSEPa/,,,原始字幕来源,16个品牌83台相机！手动胶片单反相机终极推荐,有效,该机型内容由旧知识库引用的字幕文章《16个品牌83台相机！手动胶片单反相机终极推荐》整理而来。
02_atoms/models/雅西卡 FX-3 Super 2000.md,雅西卡 FX-3 Super 2000,BV1QydMBSEPa,16个品牌83台相机！手动胶片单反相机终极推荐,大耳蟹,https://www.bilibili.com/video/BV1QydMBSEPa/,,,原始字幕来源,16个品牌83台相机！手动胶片单反相机终极推荐,有效,该机型内容由旧知识库引用的字幕文章《16个品牌83台相机！手动胶片单反相机终极推荐》整理而来。
02_atoms/models/雅西卡 FX-3 Super 2000.md,雅西卡 FX-3 Super 2000,BV1kz411B7pM,Q&A胶片相机_百元入门到万元哈苏,晁然然然然,https://www.bilibili.com/video/BV1kz411B7pM/,,,原始字幕来源,Q&A胶片相机_百元入门到万元哈苏,有效,该机型内容由旧知识库引用的字幕文章《Q&A胶片相机_百元入门到万元哈苏》整理而来。
02_atoms/models/一次性相机.md,一次性相机,BV1QmdaYxEGi,139元的胶片相机是智商税吗,橙红Iris,https://www.bilibili.com/video/BV1QmdaYxEGi/,,,原始字幕来源,139元的胶片相机是智商税吗,有效,该机型内容由旧知识库引用的字幕文章《139元的胶片相机是智商税吗》整理而来。
02_atoms/models/珠江 S-201.md,珠江 S-201,BV1bbTX6UEGv,100元福利局 国产唯一腰屏胶片相机 珠江201,淘宝仅一位,https://www.bilibili.com/video/BV1bbTX6UEGv/,,,原始字幕来源,100元福利局 国产唯一腰屏胶片相机 珠江201,有效,该机型内容由旧知识库引用的字幕文章《100元福利局 国产唯一腰屏胶片相机 珠江201》整理而来。
02_atoms/models/Praktica Super TL1000.md,Praktica Super TL1000,BV1LF4m1M7ca,【中字】胶片摄影 _ 2024年新手如何选购胶片相机,ContactSheets,https://www.bilibili.com/video/BV1LF4m1M7ca/,,,原始字幕来源,【中字】胶片摄影 _ 2024年新手如何选购胶片相机,有效,该机型内容由旧知识库引用的字幕文章《【中字】胶片摄影 _ 2024年新手如何选购胶片相机》整理而来。
02_atoms/models/Zenit E.md,Zenit E,BV1LF4m1M7ca,【中字】胶片摄影 _ 2024年新手如何选购胶片相机,ContactSheets,https://www.bilibili.com/video/BV1LF4m1M7ca/,,,原始字幕来源,【中字】胶片摄影 _ 2024年新手如何选购胶片相机,有效,该机型内容由旧知识库引用的字幕文章《【中字】胶片摄影 _ 2024年新手如何选购胶片相机》整理而来。
