article_title,source_group,archive_path,bvid,video_url,creator,published_at,status
2026-07-11-100元福利局 国产唯一腰屏胶片相机 珠江201,00_raw,00_raw/2026-07-11-100元福利局 国产唯一腰屏胶片相机 珠江201.md,BV1bbTX6UEGv,https://www.bilibili.com/video/BV1bbTX6UEGv/?spm_id_from=333.337.search-card.all.click&vd_source=c5a85d495a309cea575ce048afdfd3cf,淘宝仅一位,,有效
2026-07-11-16个品牌83台相机！手动胶片单反相机终极推荐,00_raw,00_raw/2026-07-11-16个品牌83台相机！手动胶片单反相机终极推荐.md,BV1QydMBSEPa,https://www.bilibili.com/video/BV1QydMBSEPa/?spm_id_from=333.337.search-card.all.click&vd_source=c5a85d495a309cea575ce048afdfd3cf,大耳蟹,,有效
2026-07-11-2025年度爱用相机_从数码到胶片,00_raw,00_raw/2026-07-11-2025年度爱用相机_从数码到胶片.md,BV1rSiMBmEQF,https://www.bilibili.com/video/BV1rSiMBmEQF/?spm_id_from=333.337.search-card.all.click&vd_source=c5a85d495a309cea575ce048afdfd3cf,德松Desong,,有效
2026-07-11-Q&A胶片相机_百元入门到万元哈苏,00_raw,00_raw/2026-07-11-Q&A胶片相机_百元入门到万元哈苏.md,BV1kz411B7pM,https://www.bilibili.com/video/BV1kz411B7pM/?spm_id_from=333.337.search-card.all.click&vd_source=c5a85d495a309cea575ce048afdfd3cf,晁然然然然,,有效
2026-07-11-【Jie's Lens】胶片摄影新手入门指北,00_raw,00_raw/2026-07-11-【Jie's Lens】胶片摄影新手入门指北.md,BV1cT411Q7NU,https://www.bilibili.com/video/BV1cT411Q7NU/?spm_id_from=333.337.search-card.all.click&vd_source=c5a85d495a309cea575ce048afdfd3cf,Jie's Lens,,有效
2026-07-11-【中字】胶片摄影 _ 2024年新手如何选购胶片相机,00_raw,00_raw/2026-07-11-【中字】胶片摄影 _ 2024年新手如何选购胶片相机.md,BV1LF4m1M7ca,https://www.bilibili.com/video/BV1LF4m1M7ca/?spm_id_from=333.337.search-card.all.click&vd_source=c5a85d495a309cea575ce048afdfd3cf,ContactSheets,,有效
2026-07-11-【口袋胶片机成像排行榜】我花了80000元,00_raw,00_raw/2026-07-11-【口袋胶片机成像排行榜】我花了80000元.md,BV1Uj411Z7E9,https://www.bilibili.com/video/BV1Uj411Z7E9/?spm_id_from=333.337.search-card.all.click&vd_source=c5a85d495a309cea575ce048afdfd3cf,德松Desong,,有效
2026-07-11-【纯干货】零基础胶片机入门教程,00_raw,00_raw/2026-07-11-【纯干货】零基础胶片机入门教程.md,BV1HL411h7JW,https://www.bilibili.com/video/BV1HL411h7JW/?spm_id_from=333.337.search-card.all.click&vd_source=c5a85d495a309cea575ce048afdfd3cf,鱼籽酱,,有效
2026-07-11-不会吧不会吧还有人不会选胶片相机？,00_raw,00_raw/2026-07-11-不会吧不会吧还有人不会选胶片相机？.md,BV1n7411t7DA,https://www.bilibili.com/video/BV1n7411t7DA/?spm_id_from=333.337.search-card.all.click&vd_source=c5a85d495a309cea575ce048afdfd3cf,橙红Iris,,有效
2026-07-11-买第一台胶片相机必须要知道的事,00_raw,00_raw/2026-07-11-买第一台胶片相机必须要知道的事.md,BV1k7411q7YL,https://www.bilibili.com/video/BV1k7411q7YL/?spm_id_from=333.337.search-card.all.click&vd_source=c5a85d495a309cea575ce048afdfd3cf,橙红Iris,,有效
2026-07-11-二手胶片相机怎么选,00_raw,00_raw/2026-07-11-二手胶片相机怎么选.md,BV1qt411j7ix,https://www.bilibili.com/video/BV1qt411j7ix/?spm_id_from=333.337.search-card.all.click&vd_source=c5a85d495a309cea575ce048afdfd3cf,橙红Iris,,有效
2026-07-11-便宜好用的胶片相机推荐,00_raw,00_raw/2026-07-11-便宜好用的胶片相机推荐.md,BV1kS4y1z7xb,https://www.bilibili.com/video/BV1kS4y1z7xb/?spm_id_from=333.337.search-card.all.click&vd_source=c5a85d495a309cea575ce048afdfd3cf,橙红Iris,,有效
2026-07-11-佳能AE-1测评,00_raw,00_raw/2026-07-11-佳能AE-1测评.md,BV1B5411M7LW,https://www.bilibili.com/video/BV1B5411M7LW/?spm_id_from=333.337.search-card.all.click&vd_source=c5a85d495a309cea575ce048afdfd3cf,橙红Iris,,有效
2026-07-11-佳能A系列胶片相机怎么选,00_raw,00_raw/2026-07-11-佳能A系列胶片相机怎么选.md,BV1tP4y1A7UR,https://www.bilibili.com/video/BV1tP4y1A7UR/?spm_id_from=333.337.search-card.all.click&vd_source=c5a85d495a309cea575ce048afdfd3cf,橙红Iris,,有效
2026-07-11-佳能EOS 3测评,00_raw,00_raw/2026-07-11-佳能EOS 3测评.md,BV1oP4y1A7SU,https://www.bilibili.com/video/BV1oP4y1A7SU/?spm_id_from=333.337.search-card.all.click&vd_source=c5a85d495a309cea575ce048afdfd3cf,橙红Iris,,有效
2026-07-11-傻瓜相机怎么选,00_raw,00_raw/2026-07-11-傻瓜相机怎么选.md,BV1o4411c7QR,https://www.bilibili.com/video/BV1o4411c7QR/?spm_id_from=333.337.search-card.all.click&vd_source=c5a85d495a309cea575ce048afdfd3cf,橙红Iris,,有效
2026-07-11-全机械胶片相机推荐,00_raw,00_raw/2026-07-11-全机械胶片相机推荐.md,BV1Yq4y1K7Rb,https://www.bilibili.com/video/BV1Yq4y1K7Rb/?spm_id_from=333.337.search-card.all.click&vd_source=c5a85d495a309cea575ce048afdfd3cf,橙红Iris,,有效
2026-07-11-半格胶片相机推荐,00_raw,00_raw/2026-07-11-半格胶片相机推荐.md,BV1hs4y1x7a9,https://www.bilibili.com/video/BV1hs4y1x7a9/?spm_id_from=333.337.search-card.all.click&vd_source=c5a85d495a309cea575ce048afdfd3cf,橙红Iris,,有效
2026-07-11-哈苏500cm测评,00_raw,00_raw/2026-07-11-哈苏500cm测评.md,BV1Jg411M7MU,https://www.bilibili.com/video/BV1Jg411M7MU/?spm_id_from=333.337.search-card.all.click&vd_source=c5a85d495a309cea575ce048afdfd3cf,橙红Iris,,有效
2026-07-11-奥林巴斯mju-1测评,00_raw,00_raw/2026-07-11-奥林巴斯mju-1测评.md,BV13VjL6qEFy,https://www.bilibili.com/video/BV13VjL6qEFy/?spm_id_from=333.337.search-card.all.click&vd_source=c5a85d495a309cea575ce048afdfd3cf,橙红Iris,,有效
2026-07-11-奥林巴斯OM-1测评,00_raw,00_raw/2026-07-11-奥林巴斯OM-1测评.md,BV1HW411y7BV,https://www.bilibili.com/video/BV1HW411y7BV/?spm_id_from=333.337.search-card.all.click&vd_source=c5a85d495a309cea575ce048afdfd3cf,橙红Iris,,有效
2026-07-11-宾得K1000测评,00_raw,00_raw/2026-07-11-宾得K1000测评.md,BV1Zq4y1K7fR,https://www.bilibili.com/video/BV1Zq4y1K7fR/?spm_id_from=333.337.search-card.all.click&vd_source=c5a85d495a309cea575ce048afdfd3cf,橙红Iris,,有效
2026-07-11-宾得LX测评,00_raw,00_raw/2026-07-11-宾得LX测评.md,BV1Rb421B7pK,https://www.bilibili.com/video/BV1Rb421B7pK/?spm_id_from=333.337.search-card.all.click&vd_source=c5a85d495a309cea575ce048afdfd3cf,橙红Iris,,有效
2026-07-11-宾得ME Super测评,00_raw,00_raw/2026-07-11-宾得ME Super测评.md,BV1kv4y1c7Vt,https://www.bilibili.com/video/BV1kv4y1c7Vt/?spm_id_from=333.337.search-card.all.click&vd_source=c5a85d495a309cea575ce048afdfd3cf,橙红Iris,,有效
2026-07-11-宾得Spotmatic测评,00_raw,00_raw/2026-07-11-宾得Spotmatic测评.md,BV1oS4y1z7EH,https://www.bilibili.com/video/BV1oS4y1z7EH/?spm_id_from=333.337.search-card.all.click&vd_source=c5a85d495a309cea575ce048afdfd3cf,橙红Iris,,有效
2026-07-11-康泰时G1测评,00_raw,00_raw/2026-07-11-康泰时G1测评.md,BV1oM4y1M7HV,https://www.bilibili.com/video/BV1oM4y1M7HV/?spm_id_from=333.337.search-card.all.click&vd_source=c5a85d495a309cea575ce048afdfd3cf,橙红Iris,,有效
2026-07-11-康泰时G2测评,00_raw,00_raw/2026-07-11-康泰时G2测评.md,BV1Uq4y1K7gm,https://www.bilibili.com/video/BV1Uq4y1K7gm/?spm_id_from=333.337.search-card.all.click&vd_source=c5a85d495a309cea575ce048afdfd3cf,橙红Iris,,有效
2026-07-11-康泰时T2测评,00_raw,00_raw/2026-07-11-康泰时T2测评.md,BV1sP4y1A7UR,https://www.bilibili.com/video/BV1sP4y1A7UR/?spm_id_from=333.337.search-card.all.click&vd_source=c5a85d495a309cea575ce048afdfd3cf,橙红Iris,,有效
2026-07-11-徕卡M6测评,00_raw,00_raw/2026-07-11-徕卡M6测评.md,BV1zS4y1z7mU,https://www.bilibili.com/video/BV1zS4y1z7mU/?spm_id_from=333.337.search-card.all.click&vd_source=c5a85d495a309cea575ce048afdfd3cf,橙红Iris,,有效
2026-07-11-胶片时代的尼康宝藏！平价相机推荐,00_raw,00_raw/2026-07-11-胶片时代的尼康宝藏！平价相机推荐.md,BV1qqwLzcE81,https://www.bilibili.com/video/BV1qqwLzcE81/?spm_id_from=333.337.search-card.all.click&vd_source=c5a85d495a309cea575ce048afdfd3cf,Anti-lover,,有效
2026-07-11-胶片相机推荐,00_raw,00_raw/2026-07-11-胶片相机推荐.md,BV1Bh4y1N7j8,https://www.bilibili.com/video/BV1Bh4y1N7j8/?spm_id_from=333.337.search-card.all.click&vd_source=c5a85d495a309cea575ce048afdfd3cf,橙红Iris,,有效
2026-07-11-胶片相机购买指南,00_raw,00_raw/2026-07-11-胶片相机购买指南.md,BV1wK4y1L7dQ,https://www.bilibili.com/video/BV1wK4y1L7dQ/?spm_id_from=333.337.search-card.all.click&vd_source=c5a85d495a309cea575ce048afdfd3cf,橙红Iris,,有效
2026-07-11-胶片相机验机教程,00_raw,00_raw/2026-07-11-胶片相机验机教程.md,BV1o4411c7A5,https://www.bilibili.com/video/BV1o4411c7A5/?spm_id_from=333.337.search-card.all.click&vd_source=c5a85d495a309cea575ce048afdfd3cf,橙红Iris,,有效
2026-07-11-胶片摄影入门,00_raw,00_raw/2026-07-11-胶片摄影入门.md,BV1D4411c7ke,https://www.bilibili.com/video/BV1D4411c7ke/?spm_id_from=333.337.search-card.all.click&vd_source=c5a85d495a309cea575ce048afdfd3cf,橙红Iris,,有效
2026-07-11-胶片时代的尼康宝藏！平价相机推荐,00_raw,00_raw/2026-07-11-胶片时代的尼康宝藏！平价相机推荐.md,BV1qqwLzcE81,https://www.bilibili.com/video/BV1qqwLzcE81/?spm_id_from=333.337.search-card.all.click&vd_source=c5a85d495a309cea575ce048afdfd3cf,Anti-lover,,有效
2026-07-11-胶片摄影买什么相机,00_raw,00_raw/2026-07-11-胶片摄影买什么相机.md,BV1oo4y1U7UU,https://www.bilibili.com/video/BV1oo4y1U7UU/?spm_id_from=333.337.search-card.all.click&vd_source=c5a85d495a309cea575ce048afdfd3cf,橙红Iris,,有效
2026-07-11-胶片摄影扫盲课,00_raw,00_raw/2026-07-11-胶片摄影扫盲课.md,BV1uT411Q7hM,https://www.bilibili.com/video/BV1uT411Q7hM/?spm_id_from=333.337.search-card.all.click&vd_source=c5a85d495a309cea575ce048afdfd3cf,橙红Iris,,有效
2026-07-11-胶片摄影新手入门,00_raw,00_raw/2026-07-11-胶片摄影新手入门.md,BV1za411A7Kr,https://www.bilibili.com/video/BV1za411A7Kr/?spm_id_from=333.337.search-card.all.click&vd_source=c5a85d495a309cea575ce048afdfd3cf,橙红Iris,,有效
2026-07-11-胶片摄影第一台相机怎么选,00_raw,00_raw/2026-07-11-胶片摄影第一台相机怎么选.md,BV1nr4y1j7tN,https://www.bilibili.com/video/BV1nr4y1j7tN/?spm_id_from=333.337.search-card.all.click&vd_source=c5a85d495a309cea575ce048afdfd3cf,橙红Iris,,有效
2026-07-11-胶片摄影装卷教程,00_raw,00_raw/2026-07-11-胶片摄影装卷教程.md,BV1Vz4y1f7zr,https://www.bilibili.com/video/BV1Vz4y1f7zr/?spm_id_from=333.337.search-card.all.click&vd_source=c5a85d495a309cea575ce048afdfd3cf,橙红Iris,,有效
2026-07-11-胶片摄影避坑指南,00_raw,00_raw/2026-07-11-胶片摄影避坑指南.md,BV1yK4y1L7oZ,https://www.bilibili.com/video/BV1yK4y1L7oZ/?spm_id_from=333.337.search-card.all.click&vd_source=c5a85d495a309cea575ce048afdfd3cf,橙红Iris,,有效
2026-07-11-美能达SRT-101测评,00_raw,00_raw/2026-07-11-美能达SRT-101测评.md,BV1epDkBNE1Q,https://www.bilibili.com/video/BV1epDkBNE1Q/?spm_id_from=333.337.search-card.all.click&vd_source=c5a85d495a309cea575ce048afdfd3cf,橙红Iris,,有效
2026-07-11-美能达X-700测评,00_raw,00_raw/2026-07-11-美能达X-700测评.md,BV1oK4y1L7q4,https://www.bilibili.com/video/BV1oK4y1L7q4/?spm_id_from=333.337.search-card.all.click&vd_source=c5a85d495a309cea575ce048afdfd3cf,橙红Iris,,有效
2026-07-11-购买第一台胶片相机前要知道的事,00_raw,00_raw/2026-07-11-购买第一台胶片相机前要知道的事.md,BV1k7411q7YL,https://www.bilibili.com/video/BV1k7411q7YL/?spm_id_from=333.337.search-card.all.click&vd_source=c5a85d495a309cea575ce048afdfd3cf,橙红Iris,,有效
2026-07-11-选择胶片相机的5个建议,00_raw,00_raw/2026-07-11-选择胶片相机的5个建议.md,BV1U3411v7wa,https://www.bilibili.com/video/BV1U3411v7wa/?spm_id_from=333.337.search-card.all.click&vd_source=c5a85d495a309cea575ce048afdfd3cf,橙红Iris,,有效
2026-07-11-雅西卡T3 Super测评,00_raw,00_raw/2026-07-11-雅西卡T3 Super测评.md,BV1Pt4y1F7eC,https://www.bilibili.com/video/BV1Pt4y1F7eC/?spm_id_from=333.337.search-card.all.click&vd_source=c5a85d495a309cea575ce048afdfd3cf,橙红Iris,,有效
100元福利局 国产唯一腰屏胶片相机 珠江201,01_articles,01_articles/100元福利局 国产唯一腰屏胶片相机 珠江201.md,BV1bbTX6UEGv,https://www.bilibili.com/video/BV1bbTX6UEGv/,淘宝仅一位,2026-07-06,有效
139元的胶片相机是智商税吗,01_articles,01_articles/139元的胶片相机是智商税吗.md,BV1QmdaYxEGi,https://www.bilibili.com/video/BV1QmdaYxEGi/,橙红Iris,2025-04-12,有效
16个品牌83台相机！手动胶片单反相机终极推荐,01_articles,01_articles/16个品牌83台相机！手动胶片单反相机终极推荐.md,BV1QydMBSEPa,https://www.bilibili.com/video/BV1QydMBSEPa/,大耳蟹,2026-05-08,有效
2025年度爱用相机_从数码到胶片,01_articles,01_articles/2025年度爱用相机_从数码到胶片.md,BV1rSiMBmEQF,https://www.bilibili.com/video/BV1rSiMBmEQF/,德松Desong,2025-12-31,有效
Q&A胶片相机_百元入门到万元哈苏,01_articles,01_articles/Q&A胶片相机_百元入门到万元哈苏.md,BV1kz411B7pM,https://www.bilibili.com/video/BV1kz411B7pM/,晁然然然然,2020-04-16,有效
【Jie's Lens】胶片摄影新手入门指北,01_articles,01_articles/【Jie's Lens】胶片摄影新手入门指北.md,BV1cT411Q7NU,https://www.bilibili.com/video/BV1cT411Q7NU/,Jie's Lens,2024-05-09,有效
【中字】胶片摄影 _ 2024年新手如何选购胶片相机,01_articles,01_articles/【中字】胶片摄影 _ 2024年新手如何选购胶片相机.md,BV1LF4m1M7ca,https://www.bilibili.com/video/BV1LF4m1M7ca/,ContactSheets,2024-04-19,有效
【口袋胶片机成像排行榜】我花了80000元,01_articles,01_articles/【口袋胶片机成像排行榜】我花了80000元.md,BV1Uj411Z7E9,https://www.bilibili.com/video/BV1Uj411Z7E9/,德松Desong,2023-09-22,有效
【纯干货】零基础胶片机入门教程,01_articles,01_articles/【纯干货】零基础胶片机入门教程.md,BV1HL411h7JW,https://www.bilibili.com/video/BV1HL411h7JW/,制作人丁丁,2023-06-12,有效
买胶片相机先看什么？别被颜值和网红机骗了,01_articles,01_articles/买胶片相机先看什么？别被颜值和网红机骗了.md,BV1Bh4y1N7j8,https://www.bilibili.com/video/BV1Bh4y1N7j8/,橙红Iris,2024-03-02,有效
二手胶片相机验机全流程,01_articles,01_articles/二手胶片相机验机全流程.md,BV1o4411c7A5,https://www.bilibili.com/video/BV1o4411c7A5/,橙红Iris,2021-05-18,有效
便宜好用的胶片相机推荐,01_articles,01_articles/便宜好用的胶片相机推荐.md,BV1kS4y1z7xb,https://www.bilibili.com/video/BV1kS4y1z7xb/,橙红Iris,2023-10-17,有效
佳能A系列怎么选,01_articles,01_articles/佳能A系列怎么选.md,BV1tP4y1A7UR,https://www.bilibili.com/video/BV1tP4y1A7UR/,橙红Iris,2023-12-03,有效
傻瓜相机怎么选,01_articles,01_articles/傻瓜相机怎么选.md,BV1o4411c7QR,https://www.bilibili.com/video/BV1o4411c7QR/,橙红Iris,2021-09-11,有效
全机械胶片相机推荐,01_articles,01_articles/全机械胶片相机推荐.md,BV1Yq4y1K7Rb,https://www.bilibili.com/video/BV1Yq4y1K7Rb/,橙红Iris,2023-11-14,有效
半格胶片相机推荐,01_articles,01_articles/半格胶片相机推荐.md,BV1hs4y1x7a9,https://www.bilibili.com/video/BV1hs4y1x7a9/,橙红Iris,2024-02-09,有效
奥林巴斯 mju-1 测评,01_articles,01_articles/奥林巴斯 mju-1 测评.md,BV13VjL6qEFy,https://www.bilibili.com/video/BV13VjL6qEFy/,橙红Iris,2025-06-15,有效
奥林巴斯 OM-1 测评,01_articles,01_articles/奥林巴斯 OM-1 测评.md,BV1HW411y7BV,https://www.bilibili.com/video/BV1HW411y7BV/,橙红Iris,2022-04-08,有效
宾得 K1000 测评,01_articles,01_articles/宾得 K1000 测评.md,BV1Zq4y1K7fR,https://www.bilibili.com/video/BV1Zq4y1K7fR/,橙红Iris,2023-10-05,有效
宾得 LX 测评,01_articles,01_articles/宾得 LX 测评.md,BV1Rb421B7pK,https://www.bilibili.com/video/BV1Rb421B7pK/,橙红Iris,2024-07-02,有效
宾得 ME Super 测评,01_articles,01_articles/宾得 ME Super 测评.md,BV1kv4y1c7Vt,https://www.bilibili.com/video/BV1kv4y1c7Vt/,橙红Iris,2023-09-18,有效
宾得 Spotmatic 测评,01_articles,01_articles/宾得 Spotmatic 测评.md,BV1oS4y1z7EH,https://www.bilibili.com/video/BV1oS4y1z7EH/,橙红Iris,2023-11-28,有效
康泰时 G1 测评,01_articles,01_articles/康泰时 G1 测评.md,BV1oM4y1M7HV,https://www.bilibili.com/video/BV1oM4y1M7HV/,橙红Iris,2023-07-19,有效
康泰时 G2 测评,01_articles,01_articles/康泰时 G2 测评.md,BV1Uq4y1K7gm,https://www.bilibili.com/video/BV1Uq4y1K7gm/,橙红Iris,2023-08-21,有效
康泰时 T2 测评,01_articles,01_articles/康泰时 T2 测评.md,BV1sP4y1A7UR,https://www.bilibili.com/video/BV1sP4y1A7UR/,橙红Iris,2023-05-31,有效
徕卡 M6 测评,01_articles,01_articles/徕卡 M6 测评.md,BV1zS4y1z7mU,https://www.bilibili.com/video/BV1zS4y1z7mU/,橙红Iris,2023-06-20,有效
胶片时代的尼康宝藏！平价相机推荐,01_articles,01_articles/胶片时代的尼康宝藏！平价相机推荐.md,BV1qqwLzcE81,https://www.bilibili.com/video/BV1qqwLzcE81/,Anti-lover,2025-05-27,有效
胶片相机购买指南,01_articles,01_articles/胶片相机购买指南.md,BV1wK4y1L7dQ,https://www.bilibili.com/video/BV1wK4y1L7dQ/,橙红Iris,2022-02-20,有效
胶片摄影入门：从装卷到第一张照片,01_articles,01_articles/胶片摄影入门：从装卷到第一张照片.md,BV1D4411c7ke,https://www.bilibili.com/video/BV1D4411c7ke/,橙红Iris,2021-04-03,有效
胶片摄影扫盲课,01_articles,01_articles/胶片摄影扫盲课.md,BV1uT411Q7hM,https://www.bilibili.com/video/BV1uT411Q7hM/,橙红Iris,2022-08-15,有效
胶片摄影新手入门,01_articles,01_articles/胶片摄影新手入门.md,BV1za411A7Kr,https://www.bilibili.com/video/BV1za411A7Kr/,橙红Iris,2021-11-12,有效
胶片摄影第一台相机怎么选,01_articles,01_articles/胶片摄影第一台相机怎么选.md,BV1nr4y1j7tN,https://www.bilibili.com/video/BV1nr4y1j7tN/,橙红Iris,2022-12-19,有效
胶片摄影装卷教程,01_articles,01_articles/胶片摄影装卷教程.md,BV1Vz4y1f7zr,https://www.bilibili.com/video/BV1Vz4y1f7zr/,橙红Iris,2021-04-20,有效
胶片摄影避坑指南,01_articles,01_articles/胶片摄影避坑指南.md,BV1yK4y1L7oZ,https://www.bilibili.com/video/BV1yK4y1L7oZ/,橙红Iris,2022-05-28,有效
美能达 SRT-101 测评,01_articles,01_articles/美能达 SRT-101 测评.md,BV1epDkBNE1Q,https://www.bilibili.com/video/BV1epDkBNE1Q/,橙红Iris,2025-01-22,有效
美能达 X-700 测评,01_articles,01_articles/美能达 X-700 测评.md,BV1oK4y1L7q4,https://www.bilibili.com/video/BV1oK4y1L7q4/,橙红Iris,2023-08-09,有效
选择胶片相机的5个建议,01_articles,01_articles/选择胶片相机的5个建议.md,BV1U3411v7wa,https://www.bilibili.com/video/BV1U3411v7wa/,橙红Iris,2022-10-16,有效
雅西卡 T3 Super 测评,01_articles,01_articles/雅西卡 T3 Super 测评.md,BV1Pt4y1F7eC,https://www.bilibili.com/video/BV1Pt4y1F7eC/,橙红Iris,2023-09-03,有效
